<?xml version="1.0"?>
<!-- /**
 * CedCommerce
 *
 * NOTICE OF LICENSE
 *
 * This source file is subject to the End User License Agreement (EULA)
 * that is bundled with this package in the file LICENSE.txt.
 * It is also available through the world-wide-web at this URL:
 * https://cedcommerce.com/license-agreement.txt
 *
 * @category    Ced
 * @package     Ced_StorePickup
 * @author      CedCommerce Core Team <connect@cedcommerce.com >
 * @copyright   Copyright CEDCOMMERCE (https://cedcommerce.com/)
 * @license      https://cedcommerce.com/license-agreement.txt
 */ -->
<config xmlns:xsi="http://www.w3.org/2001/XMLSchema-instance"
        xsi:noNamespaceSchemaLocation="urn:magento:framework:Acl/etc/acl.xsd">
    <acl>
        <resources>
            <resource id="Magento_Backend::admin">
                <resource id="Ced_StorePickup::gird" title="Store Pickup"
                          sortOrder="0">       
                    <resource id="Ced_StorePickup::view_gird1" title="View Stores"
                              sortOrder="1"/>
                    <resource id="Ced_StorePickup::configuration1" title="StorePickup Configuration"
                              sortOrder="2"/>  
                </resource>
            </resource>
        </resources>
    </acl>
</config>