<?xml version="1.0"?>
<!--
/**
 * CedCommerce
 *
 * NOTICE OF LICENSE
 *
 * This source file is subject to the End User License Agreement(EULA)
 * that is bundled with this package in the file LICENSE.txt.
 * It is also available through the world-wide-web at this URL:
 * http://cedcommerce.com/license-agreement.txt
 *
 * @category  Ced
 * @package   Ced_Integrator
 * @author    CedCommerce Core Team <connect@cedcommerce.com>
 * @copyright Copyright CEDCOMMERCE(http://cedcommerce.com/)
 * @license   http://cedcommerce.com/license-agreement.txt
 */
-->
<config xmlns:xsi="http://www.w3.org/2001/XMLSchema-instance"
        xsi:noNamespaceSchemaLocation="urn:magento:framework:Acl/etc/acl.xsd">
    <acl>
        <resources>
            <resource id="Magento_Backend::admin">
                <resource id="Ced_Integrator::integrator" title="Integrator" sortOrder="50">
                    <resource id="Ced_Integrator::setup" title="Setup">
                        <resource id="Ced_Integrator::configuration" title="Configuration"/>
                        <resource id="Ced_Integrator::authorize" title="Authorize"/>
                    </resource>
                    <resource id="Ced_Integrator::developer" title="Developer">
                        <resource id="Ced_Integrator::activity_log" title="Activity Log"/>
                        <resource id="Ced_Integrator::cron_log" title="Cron Log"/>
                    </resource>
                    <resource id="Ced_Integrator::support" title="Support">
                        <resource id="Ced_Integrator::instant_support" title="Instant Support"/>
                    </resource>
                </resource>

                <resource id="Magento_Backend::stores">
                    <resource id="Magento_Backend::stores_settings">
                        <resource id="Magento_Config::config">
                            <resource id="Ced_Integrator::system_config" title="Integrator"/>
                        </resource>
                    </resource>
                </resource>
            </resource>
        </resources>
    </acl>
</config>
