<?xml version="1.0"?>
<!--
/**
  * CedCommerce
  *
  * NOTICE OF LICENSE
  *
  * This source file is subject to the End User License Agreement (EULA)
  * that is bundled with this package in the file LICENSE.txt.
  * It is also available through the world-wide-web at this URL:
  * http://cedcommerce.com/license-agreement.txt
  *
  * @category    Ced
  * @package     Ced_Integrator
  * @author      CedCommerce Core Team <connect@cedcommerce.com>
  * @copyright   Copyright CEDCOMMERCE (http://cedcommerce.com/)
  * @license     http://cedcommerce.com/license-agreement.txt
  */
-->
<config xmlns:xsi="http://www.w3.org/2001/XMLSchema-instance" xsi:noNamespaceSchemaLocation="urn:magento:framework:ObjectManager/etc/config.xsd">
    <preference for="Ced\Integrator\Api\ProfileRepositoryInterface" type="Ced\Integrator\Model\Profile" />
    <preference for="Ced\Integrator\Api\CoreDataInterface" type="Ced\Integrator\Repository\CoreData" />
    <preference for="Ced\Integrator\Api\GeocodeRepositoryInterface" type="Ced\Integrator\Repository\Geocode" />
    <preference for="Ced\Integrator\Api\Data\Geocode\StateInterface" type="Ced\Integrator\Model\Geocode\State" />

    <type name="Magento\Framework\View\Asset\Minification">
        <plugin name="ced-integrator-js-exclude" type="Ced\Integrator\Plugin\Js\ExcludeMinify" />
    </type>

    <!--File Logger-->
    <type name="Ced\Integrator\Helper\File\Handler">
        <arguments>
            <argument name="filesystem" xsi:type="object">Magento\Framework\Filesystem\Driver\File</argument>
        </arguments>
    </type>
    <type name="Ced\Integrator\Helper\File\Logger">
        <arguments>
            <argument name="name" xsi:type="string">INTEGRATOR</argument>
            <argument name="handlers"  xsi:type="array">
                <item name="system" xsi:type="object">Ced\Integrator\Helper\File\Handler</item>
            </argument>
        </arguments>
    </type>
</config>