<?xml version="1.0"?>
<!--
/**
 * CedCommerce
 *
 * NOTICE OF LICENSE
 *
 * This source file is subject to the End User License Agreement (EULA)
 * that is bundled with this package in the file LICENSE.txt.
 * It is also available through the world-wide-web at this URL:
 * https://cedcommerce.com/license-agreement.txt
 *
 * @category  Ced
 * @package   Ced_StorePickup
 * @author    CedCommerce Core Team <connect@cedcommerce.com >
 * @copyright Copyright CEDCOMMERCE (https://cedcommerce.com/)
 * @license      https://cedcommerce.com/license-agreement.txt
 */
-->
<config xmlns:xsi="http://www.w3.org/2001/XMLSchema-instance" xsi:noNamespaceSchemaLocation="urn:magento:framework:ObjectManager/etc/config.xsd">
    <type name="Magento\Checkout\Model\CompositeConfigProvider">
        <arguments>
            <argument name="configProviders" xsi:type="array">
                <item name="storepickup_stores" xsi:type="object">Ced\StorePickup\Model\Stores</item>
            </argument>
        </arguments>
    </type>
</config>
